<?xml version="1.0" encoding="utf-8"?>
<feed xmlns="http://www.w3.org/2005/Atom">
  <title>snowme34</title>
  
  <subtitle>Let the wind of winter wave</subtitle>
  <link href="/atom.xml" rel="self"/>
  
  <link href="https://blog.snowme34.com/"/>
  <updated>2018-09-16T06:41:07.458Z</updated>
  <id>https://blog.snowme34.com/</id>
  
  <author>
    <name>snowme34</name>
    
  </author>
  
  <generator uri="http://hexo.io/">Hexo</generator>
  
  <entry>
    <title>no-scary-git</title>
    <link href="https://blog.snowme34.com/post/no-scary-git/"/>
    <id>https://blog.snowme34.com/post/no-scary-git/</id>
    <published>2018-04-10T05:31:43.000Z</published>
    <updated>2018-09-16T06:41:07.458Z</updated>
    
    <content type="html"><![CDATA[<h1 id="No-Scary-Git"><a href="#No-Scary-Git" class="headerlink" title="No Scary Git"></a>No Scary Git</h1><p>All you need to know to work on Github with very small team in 3 min.</p><h2 id="Sign-up"><a href="#Sign-up" class="headerlink" title="Sign up"></a>Sign up</h2><p><a href="https://github.com/join?source=header-home" target="_blank" rel="noopener">Join GitHub</a></p><h2 id="Create-Repo"><a href="#Create-Repo" class="headerlink" title="Create Repo"></a>Create Repo</h2><p><a href="https://github.com/new" target="_blank" rel="noopener">Create a new repository</a></p><p>Give repo name. Can be changed later.</p><ul><li><p>Public</p><p>Anyone can see</p></li><li><p>Private</p><p>You control who can see</p></li><li><p>README</p><p>The first page people see when open your repo. Usually in Markdown</p></li></ul><h2 id="Invite"><a href="#Invite" class="headerlink" title="Invite"></a>Invite</h2><p>repo’s settings -&gt; Collaborator -&gt; [type Github account] -&gt; invite</p><p>(optional) copy invite link<br>(or create one: <a href="https://github.com/[Your" target="_blank" rel="noopener">https://github.com/[Your</a> User Name]/[Your Repo Name]/invitations)</p><h2 id="Join"><a href="#Join" class="headerlink" title="Join"></a>Join</h2><p>Click the invitation link</p><h2 id="Fetch-files-from-Github-to-local"><a href="#Fetch-files-from-Github-to-local" class="headerlink" title="Fetch files from Github to local"></a>Fetch files from Github to local</h2><figure class="highlight bash"><table><tr><td class="gutter"><pre><span class="line">1</span><br></pre></td><td class="code"><pre><span class="line">git <span class="built_in">clone</span> https://github.com/[Your User Name]/[Your Repo Name].git</span><br></pre></td></tr></table></figure><p>If you are not owner or collaborator, you need to <strong>fork</strong> the repo and clone from your repo.<br>If you just want to download other’s repo, use their “.git” link found in <strong>Clone or download</strong>, the big green button.</p><h2 id="Edit-files"><a href="#Edit-files" class="headerlink" title="Edit files"></a>Edit files</h2><p>Use your editor.</p><h2 id="Save-the-changes-commit"><a href="#Save-the-changes-commit" class="headerlink" title="Save the changes (commit)"></a>Save the changes (commit)</h2><p>Commit is to “save your changes”.</p><p>One reason why we use git is because it can revert changes and it separates “your currently working tree” and “committed files” that are stored in “.git” folder.</p><p>(in the root dir of the repo in your local)</p><figure class="highlight bash"><table><tr><td class="gutter"><pre><span class="line">1</span><br><span class="line">2</span><br></pre></td><td class="code"><pre><span class="line">git add .</span><br><span class="line">git commit -m <span class="string">"[A Message for this commit]"</span></span><br></pre></td></tr></table></figure><p>“git add .” actually “stages” the files. But you don’t need to know the difference right now.</p><h2 id="Upload-your-changes"><a href="#Upload-your-changes" class="headerlink" title="Upload your changes"></a>Upload your changes</h2><figure class="highlight bash"><table><tr><td class="gutter"><pre><span class="line">1</span><br></pre></td><td class="code"><pre><span class="line">git push origin master</span><br></pre></td></tr></table></figure><p>origin is the upstream.</p><p>master is the name of the branch you are working on.</p><p>If you are owner of collaborators, you can choose to make the change instantly (you have other choices in <strong>settings</strong>).</p><p>If you are not, you need to push to your repo and create a <strong>Pull Request</strong> in the original repo to actually contribute your changes.</p><h2 id="Download-Changes-of-Other-People"><a href="#Download-Changes-of-Other-People" class="headerlink" title="Download Changes of Other People"></a>Download Changes of Other People</h2><figure class="highlight bash"><table><tr><td class="gutter"><pre><span class="line">1</span><br></pre></td><td class="code"><pre><span class="line">git pull origin</span><br></pre></td></tr></table></figure><h2 id="Start-from-Local"><a href="#Start-from-Local" class="headerlink" title="Start from Local"></a>Start from Local</h2><p>Initialize an empty local git repo</p><figure class="highlight bash"><table><tr><td class="gutter"><pre><span class="line">1</span><br></pre></td><td class="code"><pre><span class="line">git init</span><br></pre></td></tr></table></figure><p>Maybe you also need to set the upstream too. Just follow the instruction.</p><h2 id="Best-Friend"><a href="#Best-Friend" class="headerlink" title="Best Friend"></a>Best Friend</h2><figure class="highlight bash"><table><tr><td class="gutter"><pre><span class="line">1</span><br></pre></td><td class="code"><pre><span class="line">git <span class="built_in">help</span> [<span class="built_in">command</span>]</span><br></pre></td></tr></table></figure><h2 id="External-Links"><a href="#External-Links" class="headerlink" title="External Links"></a>External Links</h2><p><a href="https://rogerdudler.github.io/git-guide/" target="_blank" rel="noopener">git - the simple guide - no deep shit!</a><br><a href="https://git-scm.com/book/en/v2" target="_blank" rel="noopener">Pro Git</a><br><a href="http://yqrashawn.com/2016/10/09/git-tutorial/" target="_blank" rel="noopener">Git 指南</a></p>]]></content>
    
    <summary type="html">
    
      
      
        &lt;h1 id=&quot;No-Scary-Git&quot;&gt;&lt;a href=&quot;#No-Scary-Git&quot; class=&quot;headerlink&quot; title=&quot;No Scary Git&quot;&gt;&lt;/a&gt;No Scary Git&lt;/h1&gt;&lt;p&gt;All you need to know to work o
      
    
    </summary>
    
      <category term="Notes" scheme="https://blog.snowme34.com/categories/Notes/"/>
    
      <category term="Programming Basis" scheme="https://blog.snowme34.com/categories/Notes/Programming-Basis/"/>
    
    
      <category term="Tutorial" scheme="https://blog.snowme34.com/tags/Tutorial/"/>
    
      <category term="Git" scheme="https://blog.snowme34.com/tags/Git/"/>
    
      <category term="Easy" scheme="https://blog.snowme34.com/tags/Easy/"/>
    
  </entry>
  
  <entry>
    <title>rebuild-note</title>
    <link href="https://blog.snowme34.com/post/rebuild-note/"/>
    <id>https://blog.snowme34.com/post/rebuild-note/</id>
    <published>2018-03-24T14:27:02.000Z</published>
    <updated>2018-04-10T05:34:40.397Z</updated>
    
    <content type="html"><![CDATA[<h1 id="Rebuilding-my-website"><a href="#Rebuilding-my-website" class="headerlink" title="Rebuilding my website"></a>Rebuilding my website</h1><h2 id="Background-Story"><a href="#Background-Story" class="headerlink" title="Background Story"></a>Background Story</h2><p>This is a sad story. It has been a while since my last website (a <a href="https://wordpress.com/" target="_blank" rel="noopener">WordPress</a> run on VPS) “vanished”. I doubt it was due to misconfiguration of Debian’s crontab I used to auto refresh the ssl certificate or something like that. I think I will post something like the Nginx config of it later on my blog.</p><p>Ever since then have I had little time or energy to rebuild it, or more precisely, to maintain it. It is very tempting to use the WordPress again since it is so easy to make it run and so popular and so easy to find plugins. But the thing is, running on a VPS means it depends on some unstable services. When the VPS provider reboots the server, it is sometimes required to manually reboot Nginx service (or reload ssl keys refreshed by the bot of <a href="https://letsencrypt.org/" target="_blank" rel="noopener">Let’s Encrypt</a>. Their bot was still beta at that time). And it is also very hard to maintain due to the cost of the VPS itself and other problems too.</p><p>So I decided to make use of Github Pages. It looks like I need to start from the scratch again: to buy a new domain since the old one was ugly and hard to remember, to configure the DNS, to reconfigure Zoho emails (I had 10 different emails for my old domain to register on different websites), to choose the theme of the blog, to decide the structure of the whole website etc. (I tried to use <a href="https://readthedocs.org/" target="_blank" rel="noopener">Readthedocs</a> for my wiki page, the page for all of my pure notes, and struggled to “fix” the package requirements for different versions of python of their codes <del>sad face</del>)</p><p>Long story short. Let’s dive into the main point of this post!</p><h2 id="Process-of-setting-up-hexo"><a href="#Process-of-setting-up-hexo" class="headerlink" title="Process of setting up hexo"></a>Process of setting up hexo</h2><p>Note: the following notes was written as a comprehensive tutorial.</p><h3 id="Setting-up-environment"><a href="#Setting-up-environment" class="headerlink" title="Setting up environment"></a>Setting up environment</h3><p>Prerequisites:</p><ol><li><p>Github account</p><p>Go to <a href="https://github.com/" target="_blank" rel="noopener">Github</a> and sign up</p></li><li><p>Github Page repository</p><p> At least one repository to store the generated website on Github is required. Just go to your Github home page and <a href="https://github.com/new" target="_blank" rel="noopener">create a new repository</a> following the instruction. You can either create it as a public or private repo. Other people cannot see the content of your private repo but since your Github page will be published you website will eventually be public.</p><p> There is a little trick here. If you name your repo as “YOUR_GITHUB_USER_NAME.github.io”, then your Github Page will automatically be published with that URL. Please read the <a href="https://help.github.com/articles/using-a-custom-domain-with-github-pages/" target="_blank" rel="noopener">documentation</a> for more details.</p></li><li><p><a href="https://nodejs.org/en/" target="_blank" rel="noopener">npm</a></p></li><li><a href="https://hexo.io/docs/index.html" target="_blank" rel="noopener">hexo</a></li></ol><p>In brief, install npm, hexo and create a Github repo.</p><p>That is almost all you need to host a website on Github for free! You don’t need to worry about SSL, don’t need to pay the fees for renting a server. So awesome thanks to Github!</p><h3 id="Structure"><a href="#Structure" class="headerlink" title="Structure"></a>Structure</h3><p>Like I said before, previously I had different subdomains for different purposes. I had wiki, blog, me, doc, etc. And I used one simple page as the whole “site map” for all of them.</p><p>Same thing again for me.</p><p>Other choices may include:</p><ul><li>use one and only one website for the blog</li><li>use hexo as a “show off” page to “show off” the frontend skills (something like a portfolio)</li><li>use Github Pages as a website to host demo web applications</li><li>and many many more!</li></ul><h3 id="Choosing-theme-for-hexo"><a href="#Choosing-theme-for-hexo" class="headerlink" title="Choosing theme for hexo"></a>Choosing theme for hexo</h3><p>Since I use hexo for most of my web sites, it’s crucial to have a pretty and fit theme. You can surely create your own theme too!</p><p>Place for you to seek for <a href="https://hexo.io/themes/index.html" target="_blank" rel="noopener">hexo themes</a>.</p><p>Potential blog theme:</p><ol><li><a href="https://github.com/yunfeihe/simple-black" target="_blank" rel="noopener">simple-black</a></li><li><a href="https://github.com/zthxxx/hexo-theme-icarus" target="_blank" rel="noopener">icarus</a></li></ol><p>Potential wiki theme:</p><ol><li><a href="https://github.com/zalando-incubator/hexo-theme-doc" target="_blank" rel="noopener">doc</a></li></ol><p>Potential moe theme:</p><ol><li><a href="https://github.com/ZEROKISEKI/hexo-theme-gal" target="_blank" rel="noopener">gal</a></li></ol><p>Potential “show off” theme:</p><ol><li><a href="https://github.com/zchen9/hexo-theme-hollow" target="_blank" rel="noopener">hollow</a></li></ol><h3 id="Initialize-a-local-hexo-folder"><a href="#Initialize-a-local-hexo-folder" class="headerlink" title="Initialize a local hexo folder"></a>Initialize a local hexo folder</h3><p>Please refer to the <a href="https://hexo.io/docs/setup.html" target="_blank" rel="noopener">official hexo documentation</a> for further details.</p><ol><li><p>open terminal in your ideal directory</p><p> For windows, for example, winkey + r and rum cmd. cd \d “path to directory”.</p></li><li><p>type the following command to generate the initial hexo folder</p><figure class="highlight bash"><table><tr><td class="gutter"><pre><span class="line">1</span><br></pre></td><td class="code"><pre><span class="line">hexo init</span><br></pre></td></tr></table></figure></li><li><p>customize _config.yml to meet personal need</p><p>For example, change the name of the site, change the theme and so on.</p></li><li><p>config _config.yml to use git to publish the website</p><figure class="highlight yaml"><table><tr><td class="gutter"><pre><span class="line">1</span><br><span class="line">2</span><br><span class="line">3</span><br><span class="line">4</span><br></pre></td><td class="code"><pre><span class="line"><span class="attr">deploy:</span></span><br><span class="line"><span class="attr">  type:</span> <span class="string">git</span></span><br><span class="line"><span class="attr">  repository:</span> <span class="attr">https://github.com/YOUR_GITHUB_USER_NAME/YOUR_REPO_FOR_THIS_SITE.git</span></span><br><span class="line"><span class="attr">  branch:</span> <span class="string">master</span></span><br></pre></td></tr></table></figure></li><li><p>add a post for our website to have something to show</p><p> Hexo will give provide us with a “hello world” post. Feel free to delete it.</p></li></ol><h3 id="Register-a-domain"><a href="#Register-a-domain" class="headerlink" title="Register a domain"></a>Register a domain</h3><p>Compare different domain name service providers.<br>There is a cool website called <a href="https://www.domcomp.com/" target="_blank" rel="noopener">domcomp</a><br>Pay highly attention to the different prices of buying a new one and renewing an old one and transferring domain to another provider.<br>Some general tips: Search for coupons first. For instance, one can use “PRIVACYPLEASE” to have free privacy on name.com.<br>I don’t feel like posting my personal opinion about which one is better here, however.</p><h3 id="Github-Page-domain-setting"><a href="#Github-Page-domain-setting" class="headerlink" title="Github Page domain setting"></a>Github Page domain setting</h3><p>Please read the official <a href="https://help.github.com/articles/using-a-custom-domain-with-github-pages/" target="_blank" rel="noopener">Github tutorial</a> for further details</p><ol><li>add customized subdomain to correspondent Github page settings</li><li>change CNAME record of DNS provider</li><li><p>don’t forget to add CNAME file to your hexo “source” folder or hexo will delete the CNAME config of Github Page. Or you could try to add the following line to the “deploy” of hexo config <a href="https://hexo.io/docs/deployment.html#Rsync" target="_blank" rel="noopener">link to document</a>: (note the grammar of yaml)</p> <figure class="highlight yaml"><table><tr><td class="gutter"><pre><span class="line">1</span><br></pre></td><td class="code"><pre><span class="line"><span class="attr">delete:</span> <span class="literal">false</span></span><br></pre></td></tr></table></figure></li></ol><h3 id="Publish"><a href="#Publish" class="headerlink" title="Publish"></a>Publish</h3><ol><li><p>generate the website</p><figure class="highlight bash"><table><tr><td class="gutter"><pre><span class="line">1</span><br></pre></td><td class="code"><pre><span class="line">hexo generate</span><br></pre></td></tr></table></figure><p>or you can also use</p><figure class="highlight bash"><table><tr><td class="gutter"><pre><span class="line">1</span><br></pre></td><td class="code"><pre><span class="line">hexo g</span><br></pre></td></tr></table></figure></li><li><p>make sure you set up the git deploy config properly</p></li><li><p>deploy your website generated by hexo</p> <figure class="highlight bash"><table><tr><td class="gutter"><pre><span class="line">1</span><br></pre></td><td class="code"><pre><span class="line">hexo deploy</span><br></pre></td></tr></table></figure><p> or you can also use</p><figure class="highlight bash"><table><tr><td class="gutter"><pre><span class="line">1</span><br></pre></td><td class="code"><pre><span class="line">hexo d</span><br></pre></td></tr></table></figure></li></ol><h2 id="Process-of-rebuild-the-site"><a href="#Process-of-rebuild-the-site" class="headerlink" title="Process of rebuild the site"></a>Process of rebuild the site</h2><p>It looks like we have some website running. But where are the contents?</p><h3 id="Sign-up-for-a-image-host-to-hold-the-pictures"><a href="#Sign-up-for-a-image-host-to-hold-the-pictures" class="headerlink" title="Sign up for a image host to hold the pictures"></a>Sign up for a image host to hold the pictures</h3><p>I have no idea if this is necessary or not for Github Pages. For VPS, in order to have better speed to load the pictures and to save storage, it is generally preferred to not save the pictures directly on your own server but on an image host.</p><p>You can try <a href="https://imgur.com" target="_blank" rel="noopener">imgur</a> and follow the instructions!</p><h3 id="Re-upload-the-old-posts"><a href="#Re-upload-the-old-posts" class="headerlink" title="Re-upload the old posts"></a>Re-upload the old posts</h3><p>Edit and update old posts!</p><h2 id="Reference-links"><a href="#Reference-links" class="headerlink" title="Reference links"></a>Reference links</h2><p>All the documentations mentioned above<br><a href="http://chuangzaoshi.com/operate" target="_blank" rel="noopener">http://chuangzaoshi.com/operate</a><br><a href="https://www.v2ex.com/t/331613" target="_blank" rel="noopener">https://www.v2ex.com/t/331613</a></p>]]></content>
    
    <summary type="html">
    
      
      
        &lt;h1 id=&quot;Rebuilding-my-website&quot;&gt;&lt;a href=&quot;#Rebuilding-my-website&quot; class=&quot;headerlink&quot; title=&quot;Rebuilding my website&quot;&gt;&lt;/a&gt;Rebuilding my website&lt;/
      
    
    </summary>
    
      <category term="Notes" scheme="https://blog.snowme34.com/categories/Notes/"/>
    
      <category term="Web-hosting" scheme="https://blog.snowme34.com/categories/Notes/Web-hosting/"/>
    
    
      <category term="Notes" scheme="https://blog.snowme34.com/tags/Notes/"/>
    
      <category term="Tutorial" scheme="https://blog.snowme34.com/tags/Tutorial/"/>
    
      <category term="Web" scheme="https://blog.snowme34.com/tags/Web/"/>
    
  </entry>
  
  <entry>
    <title>password advice</title>
    <link href="https://blog.snowme34.com/post/advice/"/>
    <id>https://blog.snowme34.com/post/advice/</id>
    <published>2018-03-22T07:07:03.000Z</published>
    <updated>2018-04-10T05:33:54.749Z</updated>
    
    <content type="html"><![CDATA[<h1 id="个人对于密码设置的建议"><a href="#个人对于密码设置的建议" class="headerlink" title="个人对于密码设置的建议"></a>个人对于密码设置的建议</h1><p>本文只是个人建议，仅供参考，写出来主要给自己留个note</p><p><del>其实写这个原因是没多少人写</del></p><p>这里先<del>不专业</del><strong>简单</strong>说一下密码是怎么破解的。</p><p>首先破解者能够访问输入用户名和密码的地方，要先找到门口。第一层防御就是隐藏这个访问点。</p><ul><li>对于端口，可以调高指定端口，但是所有端口只有6万个，很快就能扫描完成。</li><li>对于网页，就可以用一些特殊地址掩盖真实的登陆页面。</li><li>对于wifi，可以禁止SSID广播。</li><li>对于古老宝藏，可以把宝物放到彻底封死的空间内。（大雾）</li></ul><p>这时需要一个用户名和一个密码。</p><ul><li>用户名在许多情况下都是注册时候用的邮箱地址。为了在这一个地方防御住，需要用非通用邮箱注册。包括但不限于域名邮箱地址，一次性邮箱地址。</li><li>花花绿绿的<a href="mailto:hello@abc.xyz" target="_blank" rel="noopener">hello@abc.xyz</a>这样的域名邮箱听起来很神奇，看起来很神奇，其实很简单。简单的话可以去域名商购买一个低价冷门域名，然后forward到真实的邮箱。还可以去zoho这样的地方得到。</li><li>当然一般情况下都是知道用户名才会去尝试破解。</li><li>密码一般都是暴力破解。</li><li>注：破解密码和盗取密码不一样。如有些古老的网站会把密码用明文传输，直接抓包就行了。</li><li>为了从最有可能的密码开始尝试，可以用字典，彩虹表等。简单来讲就是最常见密码放在一起。例如生日，每年只有12个月，每个月只有30天左右，从当前日期往回倒退猜也不会有无限年份，用纯生日做密码是及其危险的。想一想有多少人把aabbccdd作为wifi密码。</li><li>当然如果密码泄露了，比如在坏坏的公共wifi登陆并进行危险操作，就不用暴力破解了。</li><li>防止暴力破解可以试试添加尝试次数上限（这取决于网络服务提供商）和两步验证。为了让其前功尽弃，还是经常改密码比较安全。</li></ul><h2 id="正文"><a href="#正文" class="headerlink" title="正文"></a>正文</h2><h3 id="Step-1-生成一个纯随机文本"><a href="#Step-1-生成一个纯随机文本" class="headerlink" title="Step 1. 生成一个纯随机文本"></a>Step 1. 生成一个纯随机文本</h3><p>到了暴力破解这一步，只是一个时间问题。可以参考一下这两个暴力破解表格：<a href="http://widgetx.blogspot.com/p/brute-force-attack-time-table.html" target="_blank" rel="noopener">暴力破解时间表格1</a>，<a href="https://www.reddit.com/r/dataisbeautiful/comments/322lbk/time_required_to_bruteforce_crack_a_password/?st=ix3ejwue&amp;amp;sh=350cf8da" target="_blank" rel="noopener">暴力破解时间表格2</a>。为了让你的密码能够坚持到被暴力破解这一个步骤，不在字典攻击就被拿下，你需要一个纯随机的文本作为密码。</p><p>你可以自己写一个随机文本产生器，也可以用计算器自带的，也可以去应用商城下载一个。这里推荐random网站提供的<a href="https://www.random.org/passwords" target="_blank" rel="noopener">随机密码生成</a>。</p><p>当然在大多数情况下，为了方便记忆，你还是可以自己想出一个接近于纯随机的密码。 可以弄一个西班牙语单词和汉语拼音的混合体，中间再加点你最喜欢的化学元素的中子数和标点符号。</p><h3 id="Step-2-改编这个纯随机文本"><a href="#Step-2-改编这个纯随机文本" class="headerlink" title="Step 2. 改编这个纯随机文本"></a>Step 2. 改编这个纯随机文本</h3><p>费了这么大劲得到的一个纯随机文本，光记住都要再花一些时间，怎么能直接就用作密码呢？（大雾，为了安全，在最重要的地方还是完全没有使用过的纯随机密码保险）</p><p>可以试试在这个随机文本前面或者后面加上密码用途的标识符（如笔记就是ThoSto（thought store，思想存储，这样奇怪的东西反而好记也不好被猜到）），这个标识符可以用在你所有跟笔记有关的账户上，但尽量不要重复，可以改大小写和添加标点符号。然后在密码主题的后面加上你所注册的账户的<strong>唯一</strong>标识符，如印象笔记就是ImpLike（Impression印象，Like像），最后再随便加几个标点符号，如在ImpLike之间加一个下划线，在最后加一个感叹号之类的。比较有特色的可以把这个网站名字读50遍，然后把嘴里发出的那个音用拼音写下来当结尾。</p><p>每次设置新密码的时候可以把这3各部分的位置互换。</p><p>好了，现在最大的问题就是密码太长了，有些网站无法注册，裁剪即可。</p><h3 id="Step-3-使用这个强密码"><a href="#Step-3-使用这个强密码" class="headerlink" title="Step 3. 使用这个强密码"></a>Step 3. 使用这个强密码</h3><p>在注册新账户的时候在密码一栏填写就可以了。也可以把现有账户的密码改成这个。</p><p>当然也可以直接使用<a href="https://www.lastpass.com/" target="_blank" rel="noopener">lastpass</a>这样的软件、浏览器插件。这里也推荐用该类软件保存非重要网站、账户的密码。强烈推荐<a href="https://keepass.info/" target="_blank" rel="noopener">keepass</a>和面向Linux桌面的<a href="https://keepassxc.org/" target="_blank" rel="noopener">keepassxc</a>.</p><p>注意存放这个密码。网络安全最大的漏洞都是来源于使用者。都知道要改默认PIN，但事实上机会没有人会记得去改它。</p><p>注：此文不是对于保护上网隐私的描述。也不是防御网络攻击的描述。</p><p>注：本文为简单记叙文，内容没有经过严格验证。</p>]]></content>
    
    <summary type="html">
    
      
      
        &lt;h1 id=&quot;个人对于密码设置的建议&quot;&gt;&lt;a href=&quot;#个人对于密码设置的建议&quot; class=&quot;headerlink&quot; title=&quot;个人对于密码设置的建议&quot;&gt;&lt;/a&gt;个人对于密码设置的建议&lt;/h1&gt;&lt;p&gt;本文只是个人建议，仅供参考，写出来主要给自己留个note&lt;/p&gt;
&lt;
      
    
    </summary>
    
    
      <category term="Zh-cn" scheme="https://blog.snowme34.com/tags/Zh-cn/"/>
    
      <category term="Notes" scheme="https://blog.snowme34.com/tags/Notes/"/>
    
  </entry>
  
  <entry>
    <title>Sonnet 18 zh-cn translation</title>
    <link href="https://blog.snowme34.com/post/Sonnet-18-zh-CN-translation/"/>
    <id>https://blog.snowme34.com/post/Sonnet-18-zh-CN-translation/</id>
    <published>2018-03-22T06:49:40.000Z</published>
    <updated>2018-04-10T05:34:02.747Z</updated>
    
    <content type="html"><![CDATA[<p>Sonnet 18<br>作者：莎士比亚 William Shakespeare<br>翻译：snowme34<br>非商业转载请标明出处，商业转载请联系作者获得授权</p><p>Shall I compare thee to a summer’s day?<br>我能，把你比作一个夏天吗？</p><p>Thou art more lovely and more temperate:<br>可你，却更可爱而又更纤婉:</p><p>Rough winds do shake the darling buds of May,<br>暴风，摇曳着五月的娇柔花蔓，</p><p>And summer’s lease hath all too short a date:<br>夏止，默默离去之间的悄然:</p><p>Sometime too hot the eye of heaven shines,<br>时时，天堂的光辉金迷纸醉，</p><p>And often is his gold complexion dimm’d;<br>看吧，他高贵的面容已日渐憔悴;</p><p>And every fair from fair sometime declines,<br>即是，雍容之物终将会破碎，</p><p>By chance, or nature’s changing course, untrimm’d;<br>只因，偶然亦或是自然之愧；</p><p>But thy eternall summer shall not fade,<br>但是，永恒之夏绝不凋零，</p><p>Nor loose possession of that fair thou ow’st;<br>也不，不愿失去珍贵感情;</p><p>Nor shall Death brag thou wander’st in his shade,<br>亦无，无人手持镰斧之柄，</p><p>When in eternal lines to time thou grow’st:<br>而当一切，恒如此诗此时:</p><p>So long as men can breathe, or eyes can see,<br>恒如，生灵之吐息之执，<br>恒如，视界之尽头之尺，</p><p>So long lives this, and this gives life to thee.<br>恒如，生之所生，<br>恒如，你亘古的美丽。</p>]]></content>
    
    <summary type="html">
    
      
      
        &lt;p&gt;Sonnet 18&lt;br&gt;作者：莎士比亚 William Shakespeare&lt;br&gt;翻译：snowme34&lt;br&gt;非商业转载请标明出处，商业转载请联系作者获得授权&lt;/p&gt;
&lt;p&gt;Shall I compare thee to a summer’s day?&lt;br&gt;我能，
      
    
    </summary>
    
    
      <category term="Translation" scheme="https://blog.snowme34.com/tags/Translation/"/>
    
      <category term="Shakespeare" scheme="https://blog.snowme34.com/tags/Shakespeare/"/>
    
      <category term="Zh-cn" scheme="https://blog.snowme34.com/tags/Zh-cn/"/>
    
  </entry>
  
</feed>
